Date___fert,date,Colony,type,Name,density_5km,density_15km,newChip,Sex,AGE,pup sex,pup,FA_mom,FA_pup,Weight_mom,pup_weight,preg_list,non_preg_list,min_reproductive_state,Reproductive_State,comments,BellyWidth,preg_parasites,parasites,nonpreg_parasites,mom&preg,Reproductive_State_numeric,temprature_IMS
22-Mar-23,85,Bridge,city,BR-1,13151.92898,5691.626481,,F,adult,M,1,95,40,136,25,,1,non pregnant,mom pup,,,,3,3,1,,16.4
22-Mar-23,85,Bridge,city,BR-2,13151.92898,5691.626481,,F,adult,M,1,91,39,126,23,,1,non pregnant,mom pup,,,,0,0,1,,16.4
22-Mar-23,85,Bridge,city,BR-3,13151.92898,5691.626481,,F,adult,M,1,93,42,147,24,,1,non pregnant,mom pup,,,,6,6,1,,16.4
22-Mar-23,85,Bridge,city,BR-4,13151.92898,5691.626481,,F,adult,,0,91,,157,,1,,pregnant,pregnant,,47,3,3,,1,,16.4
22-Mar-23,85,Bridge,city,BR-5,13151.92898,5691.626481,,F,adult,M,1,97,41,148,26,,1,non pregnant,mom pup,,,,3,3,1,,16.4
22-Mar-23,85,Bridge,city,BR-6,13151.92898,5691.626481,,F,adult,M,1,93,39,124,23,,1,non pregnant,mom pup,,,,0,0,1,,16.4
22-Mar-23,85,Bridge,city,BR-7,13151.92898,5691.626481,,F,adult,F,1,95,36,137,20,,1,non pregnant,mom pup,,,,1,1,1,,16.4
22-Mar-23,85,Bridge,city,BR-8,13151.92898,5691.626481,,F,adult,M,1,92,44,133,25,,1,non pregnant,mom pup,,,,1,1,1,,16.4
22-Mar-23,85,Bridge,city,BR-9,13151.92898,5691.626481,,F,adult,M,1,91,42,113,24,,1,non pregnant,mom pup,,,,0,0,1,,16.4
22-Mar-23,85,Bridge,city,BR-10,13151.92898,5691.626481,,F,adult,F,1,96,35,136,22,,1,non pregnant,mom pup,pup is newborn,,,3,3,1,,16.4
22-Mar-23,85,Bridge,city,BR-11,13151.92898,5691.626481,,F,adult,F,1,86,38,114,20,,1,non pregnant,mom pup,,,,0,0,1,,16.4
22-Mar-23,85,Bridge,city,BR-12,13151.92898,5691.626481,,F,adult,F,1,93,35,145,20,,1,non pregnant,mom pup,,,,2,2,1,,16.4
22-Mar-23,85,Bridge,city,BR-13,13151.92898,5691.626481,,F,adult,,0,90,,143,,1,,pregnant,pregnant,,,1,1,,1,,16.4
22-Mar-23,85,Bridge,city,BR-14,13151.92898,5691.626481,,F,adult,,0,93,,156,,1,,pregnant,pregnant,,,1,1,,1,,16.4
22-Mar-23,85,Bridge,city,BR-15,13151.92898,5691.626481,,F,adult,,0,95,,152,,1,,pregnant,pregnant,,,4,4,,1,,16.4
22-Mar-23,85,Bridge,city,BR-16,13151.92898,5691.626481,,F,adult,F,1,95,38,138,23,,1,non pregnant,mom pup,,,,0,0,1,,16.4
28-Mar-23,91,Beit Govrin,rural,BG-1,7.714786059,361.8844481,,F,adult,,0,91,,161,,1,,pregnant,pregnant,,45,0,0,,1,,14
28-Mar-23,91,Beit Govrin,rural,BG-2,7.714786059,361.8844481,,F,adult,,0,90,,125,,1,,pregnant,pregnant,,34,0,0,,1,,14
28-Mar-23,91,Beit Govrin,rural,BG-3,7.714786059,361.8844481,,F,adult,,0,96,,172,,1,,pregnant,pregnant,,52,6,6,,1,,14
28-Mar-23,91,Beit Govrin,rural,BG-4,7.714786059,361.8844481,,F,adult,,0,92,,162,,1,,pregnant,pregnant,,52,4,4,,1,,14
28-Mar-23,91,Beit Govrin,rural,BG-5,7.714786059,361.8844481,,F,adult,,0,95,,140,,1,,pregnant,pregnant,,34,1,1,,1,,14
28-Mar-23,91,Beit Govrin,rural,BG-6,7.714786059,361.8844481,,F,adult,,0,93,,112,,1,,pregnant,pregnant,,40,3,3,,1,,14
28-Mar-23,91,Beit Govrin,rural,BG-7,7.714786059,361.8844481,,F,adult,,0,91,,162,,1,,pregnant,pregnant,,51,1,1,,1,,14
28-Mar-23,91,Beit Govrin,rural,BG-8,7.714786059,361.8844481,,F,adult,,0,95,,167,,1,,pregnant,pregnant,,45,2,2,,1,,14
28-Mar-23,91,Beit Govrin,rural,BG-9,7.714786059,361.8844481,,F,adult,,0,91,,129,,,1,non pregnant,non pregnant,,,,0,0,0,,14
28-Mar-23,91,Beit Govrin,rural,BG-10,7.714786059,361.8844481,,F,adult,,0,90,,149,,1,,pregnant,pregnant,,41,2,2,,1,,14
28-Mar-23,91,Beit Govrin,rural,BG-11,7.714786059,361.8844481,,F,adult,,0,95,,155,,1,,pregnant,pregnant,,46,6,6,,1,,14
28-Mar-23,91,Beit Govrin,rural,BG-12,7.714786059,361.8844481,,F,adult,,0,92,,162,,1,,pregnant,pregnant,,51,1,1,,1,,14
28-Mar-23,91,Beit Govrin,rural,BG-13,7.714786059,361.8844481,,F,adult,,0,93,,151,,1,,pregnant,pregnant,,46,2,2,,1,,14
28-Mar-23,91,Beit Govrin,rural,BG-14,7.714786059,361.8844481,,F,adult,,0,96,,163,,1,,pregnant,pregnant,,40,1,1,,1,,14
28-Mar-23,91,Beit Govrin,rural,BG-15,7.714786059,361.8844481,,F,adult,,0,94,,162,,1,,pregnant,pregnant,,46,2,2,,1,,14
28-Mar-23,91,Beit Govrin,rural,BG-16,7.714786059,361.8844481,,F,adult,,0,96,,174,,1,,pregnant,pregnant,,43,1,1,,1,,14
28-Mar-23,91,Beit Govrin,rural,BG-17,7.714786059,361.8844481,,F,adult,,0,94,,142,,1,,pregnant,pregnant,,32,2,2,,1,,14
28-Mar-23,91,Beit Govrin,rural,BG-18,7.714786059,361.8844481,,F,adult,,0,92,,116,,,1,non pregnant,non pregnant,,,,0,0,0,,14
28-Mar-23,91,Beit Govrin,rural,BG-19,7.714786059,361.8844481,,F,adult,,0,96,,164,,1,,pregnant,pregnant,,45,1,1,,1,,14
28-Mar-23,91,Beit Govrin,rural,BG-20,7.714786059,361.8844481,,F,adult,,0,96,,164,,1,,pregnant,pregnant,,54,0,0,,1,,14
28-Mar-23,91,Beit Govrin,rural,BG-21,7.714786059,361.8844481,,F,adult,,0,98,,168,,1,,pregnant,pregnant,,42,2,2,,1,,14
28-Mar-23,91,Beit Govrin,rural,BG-22,7.714786059,361.8844481,,F,adult,,0,94,,146,,,1,non pregnant,non pregnant,,,,1,1,0,,14
29-Mar-23,92,Aseret,rural,AS-1,1432.309575,1242.690028,,F,adult,M,1,93,45,126,24,,1,non pregnant,mom pup,,,,1,1,1,,15
29-Mar-23,92,Aseret,rural,AS-2,1432.309575,1242.690028,,F,adult,,0,93,,155,,1,,pregnant,pregnant,,52,0,0,,1,,15
29-Mar-23,92,Aseret,rural,AS-3,1432.309575,1242.690028,,F,adult,,0,94,,128,,,1,non pregnant,non pregnant,,,,0,0,0,,15
29-Mar-23,92,Aseret,rural,AS-4,1432.309575,1242.690028,,F,adult,F,1,91,50,129,27,,1,non pregnant,mom pup,,,,3,3,1,,15
29-Mar-23,92,Aseret,rural,AS-5,1432.309575,1242.690028,,F,adult,,0,91,,162,,1,,pregnant,pregnant,,58,0,0,,1,,15
29-Mar-23,92,Aseret,rural,AS-6,1432.309575,1242.690028,,F,adult,M,1,94,42,132,23,,1,non pregnant,mom pup,,,,0,0,1,,15
29-Mar-23,92,Aseret,rural,AS-7,1432.309575,1242.690028,,F,adult,F,1,90,37,130,20,,1,non pregnant,mom pup,,,,2,2,1,,15
29-Mar-23,92,Aseret,rural,AS-8,1432.309575,1242.690028,,F,adult,,0,92,,149,,1,,pregnant,pregnant,,54,0,0,,1,,15
29-Mar-23,92,Aseret,rural,AS-9,1432.309575,1242.690028,,F,adult,,0,92,,118,,,1,non pregnant,non pregnant,blood sample,,,0,0,0,,15
29-Mar-23,92,Aseret,rural,AS-10,1432.309575,1242.690028,,F,adult,,0,88,,144,,1,,pregnant,pregnant,,53,1,1,,1,,15
29-Mar-23,92,Aseret,rural,AS-11,1432.309575,1242.690028,,F,adult,M,1,98,44,140,27,,1,non pregnant,mom pup,,,,2,2,1,,15
29-Mar-23,92,Aseret,rural,AS-12,1432.309575,1242.690028,,F,adult,F,1,96,48,132,31,,1,non pregnant,mom pup,,,,0,0,1,,15
29-Mar-23,92,Aseret,rural,AS-13,1432.309575,1242.690028,,F,adult,F,1,94,40,137,24,,1,non pregnant,mom pup,,,,2,2,1,,15
29-Mar-23,92,Aseret,rural,AS-14,1432.309575,1242.690028,,F,adult,M,1,97,40,136,22,,1,non pregnant,mom pup,,,,2,2,1,,15
29-Mar-23,92,Aseret,rural,AS-15,1432.309575,1242.690028,,F,adult,F,1,95,37,135,24,,1,non pregnant,mom pup,,,,3,3,1,,15
29-Mar-23,92,Aseret,rural,AS-16,1432.309575,1242.690028,,F,adult,,0,97,,161,,1,,pregnant,pregnant,,45,0,0,,1,,15
29-Mar-23,92,Aseret,rural,AS-17,1432.309575,1242.690028,,F,adult,M,1,93,42,133,28,,1,non pregnant,mom pup,,,,2,2,1,,15
29-Mar-23,92,Aseret,rural,AS-18,1432.309575,1242.690028,,F,adult,,0,95,,154,,1,,pregnant,pregnant,,54,2,2,,1,,15
29-Mar-23,92,Aseret,rural,AS-19,1432.309575,1242.690028,,F,adult,M,1,92,40,118,21,,1,non pregnant,mom pup,,,,2,2,1,,15
28-Mar-23,91,Bnei Brit,rural,BB-1,551.6719246,884.9337109,,F,adult,,0,93,,155,,1,,pregnant,pregnant,,49,2,2,,1,,15
28-Mar-23,91,Bnei Brit,rural,BB-2,551.6719246,884.9337109,,F,adult,,0,92,,152,,1,,pregnant,pregnant,,50,0,0,,1,,15
28-Mar-23,91,Bnei Brit,rural,BB-3,551.6719246,884.9337109,,F,adult,,0,92,,134,,1,,pregnant,pregnant,,40,1,1,,1,,15
28-Mar-23,91,Bnei Brit,rural,BB-4,551.6719246,884.9337109,,F,adult,F,1,93,37,135,18,,1,non pregnant,mom pup,,,,1,1,1,,15
28-Mar-23,91,Bnei Brit,rural,BB-5,551.6719246,884.9337109,,F,adult,,0,98,,170,,1,,pregnant,pregnant,,52,2,2,,1,,15
28-Mar-23,91,Bnei Brit,rural,BB-6,551.6719246,884.9337109,,F,adult,,0,94,,154,,1,,pregnant,pregnant,,58,2,2,,1,,15
28-Mar-23,91,Bnei Brit,rural,BB-7,551.6719246,884.9337109,,F,adult,,0,94,,154,,1,,pregnant,pregnant,,49,1,1,,1,,15
28-Mar-23,91,Bnei Brit,rural,BB-8,551.6719246,884.9337109,,F,adult,,0,96,,161,,1,,pregnant,pregnant,,45,2,2,,1,,15
28-Mar-23,91,Bnei Brit,rural,BB-9,551.6719246,884.9337109,,F,adult,,0,93,,140,,1,,pregnant,pregnant,,50,7,7,,1,,15
28-Mar-23,91,Bnei Brit,rural,BB-10,551.6719246,884.9337109,,F,adult,,0,86,,131,,1,,pregnant,pregnant,,41,2,2,,1,,15
28-Mar-23,91,Bnei Brit,rural,BB-11,551.6719246,884.9337109,,F,adult,,0,94,,161,,1,,pregnant,pregnant,,45,0,0,,1,,15
28-Mar-23,91,Bnei Brit,rural,BB-12,551.6719246,884.9337109,,F,adult,,0,95,,156,,1,,pregnant,pregnant,,45,1,1,,1,,15
28-Mar-23,91,Bnei Brit,rural,BB-13,551.6719246,884.9337109,,F,adult,,0,93,,158,,1,,pregnant,pregnant,,49,1,1,,1,,15
28-Mar-23,91,Bnei Brit,rural,BB-14,551.6719246,884.9337109,,F,adult,,0,94,,165,,1,,pregnant,pregnant,,48,1,1,,1,,15
28-Mar-23,91,Bnei Brit,rural,BB-15,551.6719246,884.9337109,,F,adult,,0,92,,153,,1,,pregnant,pregnant,,49,5,5,,1,,15
28-Mar-23,91,Bnei Brit,rural,BB-16,551.6719246,884.9337109,,F,adult,,0,96,,134,,1,,pregnant,pregnant,,35,1,1,,1,,15
28-Mar-23,91,Bnei Brit,rural,BB-17,551.6719246,884.9337109,,F,adult,,0,91,,153,,1,,pregnant,pregnant,,51,2,2,,1,,15
28-Mar-23,91,Bnei Brit,rural,BB-18,551.6719246,884.9337109,,F,adult,,0,95,,160,,1,,pregnant,pregnant,,51,1,1,,1,,15
28-Mar-23,91,Bnei Brit,rural,BB-19,551.6719246,884.9337109,,F,adult,,0,90,,151,,1,,pregnant,pregnant,,51,2,2,,1,,15
28-Mar-23,91,Bnei Brit,rural,BB-20,551.6719246,884.9337109,,F,adult,M,1,93,34,121,18,,1,non pregnant,mom pup,,,,0,0,1,,15
28-Mar-23,91,Bnei Brit,rural,BB-21,551.6719246,884.9337109,,F,adult,,0,96,,179,,1,,pregnant,pregnant,,53,0,0,,1,,15
28-Mar-23,91,Bnei Brit,rural,BB-22,551.6719246,884.9337109,,F,adult,,0,96,,158,,1,,pregnant,pregnant,,45,0,0,,1,,15
28-Mar-23,91,Bnei Brit,rural,BB-23,551.6719246,884.9337109,,F,adult,,0,94,,151,,1,,pregnant,pregnant,,52,0,0,,1,,15
28-Mar-23,91,Bnei Brit,rural,BB-24,551.6719246,884.9337109,,F,adult,,0,93,,134,,1,,pregnant,pregnant,,30,0,0,,1,,15
28-Mar-23,91,Bnei Brit,rural,BB-25,551.6719246,884.9337109,,F,adult,,0,92,,153,,1,,pregnant,pregnant,,47,1,1,,1,,15
28-Mar-23,91,Bnei Brit,rural,BB-26,551.6719246,884.9337109,,F,adult,,0,93,,151,,1,,pregnant,pregnant,,45,2,2,,1,,15
28-Mar-23,91,Bnei Brit,rural,BB-27,551.6719246,884.9337109,,F,adult,,0,92,,139,,1,,pregnant,pregnant,,42,0,0,,1,,15
28-Mar-23,91,Bnei Brit,rural,BB-28,551.6719246,884.9337109,,F,adult,,0,93,,164,,1,,pregnant,pregnant,,45,0,0,,1,,15
28-Mar-23,91,Bnei Brit,rural,BB-29,551.6719246,884.9337109,,F,adult,,0,93,,154,,1,,pregnant,pregnant,,52,0,0,,1,,15
28-Mar-23,91,Bnei Brit,rural,BB-30,551.6719246,884.9337109,,F,adult,,0,100,,165,,1,,pregnant,pregnant,,50,1,1,,1,,15
28-Mar-23,91,Bnei Brit,rural,BB-31,551.6719246,884.9337109,,F,adult,,0,94,,156,,1,,pregnant,pregnant,,32,4,4,,1,,15
28-Mar-23,91,Bnei Brit,rural,BB-32,551.6719246,884.9337109,,F,adult,F,1,91,34,119,18,,1,non pregnant,mom pup,,,,1,1,1,,15
26-Mar-23,89,Jaffa,city,JF -1,14071.62687,6183.392671,,F,adult,,0,84,,102,,1,,pregnant,pregnant,,40,0,0,,0,,16
26-Mar-23,89,Jaffa,city,JF -2,14071.62687,6183.392671,,F,adult,,0,90,,112,,,1,non pregnant,non pregnant,,,,0,0,0,,16
26-Mar-23,89,Jaffa,city,JF -3,14071.62687,6183.392671,,F,adult,F,1,93,40,129,31,,1,non pregnant,mom pup,,,,2,2,1,,16
26-Mar-23,89,Jaffa,city,JF -4,14071.62687,6183.392671,,F,adult,,0,91,,120,,,1,non pregnant,non pregnant,,,,1,1,0,,16
26-Mar-23,89,Jaffa,city,JF -5,14071.62687,6183.392671,,F,adult,M,1,89,44,130,27,,1,non pregnant,mom pup,,,,3,3,1,,16
26-Mar-23,89,Jaffa,city,JF -6,14071.62687,6183.392671,,F,adult,,0,91,,115,,1,,pregnant,pregnant,,37,0,0,,1,,16
26-Mar-23,89,Jaffa,city,JF -7,14071.62687,6183.392671,,F,adult,,0,92,,124,,1,,pregnant,pregnant,,34,0,0,,1,,16
26-Mar-23,89,Jaffa,city,JF -8,14071.62687,6183.392671,,F,adult,,0,95,,168,,1,,pregnant,pregnant,,52,2,2,,1,,16
26-Mar-23,89,Jaffa,city,JF -9,14071.62687,6183.392671,,F,adult,,0,91,,119,,,1,non pregnant,non pregnant,,,,0,0,0,,16
26-Mar-23,89,Jaffa,city,JF -10,14071.62687,6183.392671,,F,adult,,0,95,,138,,,1,non pregnant,non pregnant,,,,2,2,0,,16
26-Mar-23,89,Jaffa,city,JF -11,14071.62687,6183.392671,,F,adult,M,1,89,52,143,32,,1,non pregnant,mom pup,,,,4,4,1,,16
26-Mar-23,89,Jaffa,city,JF -13,14071.62687,6183.392671,,F,adult,M,1,98,44,135,23,,1,non pregnant,mom pup,,,,2,2,1,,16
26-Mar-23,89,Jaffa,city,JF -14,14071.62687,6183.392671,,F,adult,F,1,99,52,145,31,,1,non pregnant,mom pup,,,,4,4,1,,16
26-Mar-23,89,Jaffa,city,JF -15,14071.62687,6183.392671,,F,adult,M,1,93,51,134,37,,1,non pregnant,mom pup,,,,8,8,1,,16
26-Mar-23,89,Jaffa,city,JF -16,14071.62687,6183.392671,,F,adult,M,1,95,48,135,30,,1,non pregnant,mom pup,,,,1,1,1,,16
26-Mar-23,89,Jaffa,city,JF -17,14071.62687,6183.392671,,F,adult,,0,94,,139,,1,,pregnant,pregnant,,45,0,0,,1,,16
26-Mar-23,89,Jaffa,city,JF -18,14071.62687,6183.392671,,F,adult,,0,96,,166,,1,,pregnant,pregnant,,60,2,2,,1,,16
26-Mar-23,89,Jaffa,city,JF -19,14071.62687,6183.392671,,F,adult,F,1,93,51,132,28,,1,non pregnant,mom pup,,,,1,1,1,,16
26-Mar-23,89,Jaffa,city,JF -20,14071.62687,6183.392671,,F,adult,F,1,96,43,140,30,,1,non pregnant,mom pup,,,,3,3,1,,16
26-Mar-23,89,Jaffa,city,JF -21,14071.62687,6183.392671,,F,adult,M,1,96,51,161,35,,1,non pregnant,mom pup,,,,1,1,1,,16
26-Mar-23,89,Jaffa,city,JF -22,14071.62687,6183.392671,,F,adult,M,1,104,52,139,29,,1,non pregnant,mom pup,,,,1,1,1,,16
26-Mar-23,89,Jaffa,city,JF -23,14071.62687,6183.392671,,F,adult,M,1,96,50,138,33,,1,non pregnant,mom pup,,,,1,1,1,,16
26-Mar-23,89,shontzino,city,SH-1,12809.91532,5427.677893,,F,adult,M,1,93,44,120,28,,1,non pregnant,mom pup,,,,5,5,1,,16.4
26-Mar-23,89,shontzino,city,SH-2,12809.91532,5427.677893,,F,adult,F,1,98,45,140,26,,1,non pregnant,mom pup,,,,0,0,1,,16.4
26-Mar-23,89,shontzino,city,SH-3,12809.91532,5427.677893,,F,adult,F,1,94,56,150,34,,1,non pregnant,mom pup,,,,2,2,1,,16.4
26-Mar-23,89,shontzino,city,SH-4,12809.91532,5427.677893,,F,adult,F,1,94,52,133,31,,1,non pregnant,mom pup,,,,0,0,1,,16.4
26-Mar-23,89,shontzino,city,SH-5,12809.91532,5427.677893,,F,adult,F,1,94,53,129,29,,1,non pregnant,mom pup,,,,1,1,1,,16.4
26-Mar-23,89,shontzino,city,SH-6,12809.91532,5427.677893,,F,adult,F,1,90,40,120,22,,1,non pregnant,mom pup,,,,0,0,1,,16.4
26-Mar-23,89,shontzino,city,SH-7,12809.91532,5427.677893,,F,adult,M,1,95,50,153,30,,1,non pregnant,mom pup,,,,2,2,1,,16.4
26-Mar-23,89,shontzino,city,SH-8,12809.91532,5427.677893,,F,adult,F,1,94,49,132,31,,1,non pregnant,mom pup,,,,2,2,1,,16.4
26-Mar-23,89,shontzino,city,SH-9,12809.91532,5427.677893,,F,adult,,0,90,,122,,1,,pregnant,pregnant,27.3.23 capture,38,0,0,,1,,16.4
26-Mar-23,89,shontzino,city,SH-10,12809.91532,5427.677893,,F,adult,,0,89,,120,,1,,pregnant,pregnant,"abbcess in lower abdomen, 9.4.23 capture",27,5,5,,1,,16.4
31-Mar-23,94,Dizengof center,city,CR-1,12950.51342,5850.369695,,F,adult,F,1,94,62,139,40,,1,non pregnant,mom pup,,,,1,1,1,,17.7
31-Mar-23,94,Dizengof center,city,CR-2,12950.51342,5850.369695,,F,adult,F,1,97,58,110,28,,1,non pregnant,mom pup,,,,2,2,1,,17.7
31-Mar-23,94,Dizengof center,city,CR-3,12950.51342,5850.369695,,F,adult,,0,88,,95,,,1,non pregnant,non pregnant,,,,0,0,0,,17.7
31-Mar-23,94,Dizengof center,city,CR-4,12950.51342,5850.369695,,F,adult,F,1,100,62,126,36,,1,non pregnant,mom pup,,,,2,2,1,,17.7
31-Mar-23,94,Dizengof center,city,CR-5,12950.51342,5850.369695,,F,adult,,0,97,,131,,1,,pregnant,mom pup,,36,0,0,,0,,17.7
31-Mar-23,94,Dizengof center,city,CR-6,12950.51342,5850.369695,,F,adult,F,1,93,62,102,30,,1,non pregnant,mom pup,,,,0,0,1,,17.7
31-Mar-23,94,Dizengof center,city,CR-7,12950.51342,5850.369695,,F,adult,,0,90,,108,,,1,non pregnant,mom pup,,,,0,0,1,,17.7
31-Mar-23,94,Dizengof center,city,CR-8,12950.51342,5850.369695,,F,adult,M,1,94,67,123,46,,1,non pregnant,mom pup,,,,2,2,1,,17.7
31-Mar-23,94,Dizengof center,city,CR-9,12950.51342,5850.369695,,F,adult,M,1,89,69,125,44,,1,non pregnant,mom pup,,,,3,3,1,,17.7
31-Mar-23,94,Dizengof center,city,CR-10,12950.51342,5850.369695,2.33E+11,F,adult,,0,92,,107,,,1,non pregnant,non pregnant,recapture,,,2,2,0,,17.7
31-Mar-23,94,Dizengof center,city,CR-11,12950.51342,5850.369695,,F,adult,M,1,95,66,123,41,,1,non pregnant,mom pup,,,,2,2,1,,17.7
31-Mar-23,94,Dizengof center,city,CR-12,12950.51342,5850.369695,,F,adult,F,1,94,68,125,43,,1,non pregnant,mom pup,,,,1,1,1,,17.7
31-Mar-23,94,Dizengof center,city,CR-13,12950.51342,5850.369695,,F,adult,F,1,93,57,106,36,,1,non pregnant,mom pup,,,,1,1,1,,17.7
31-Mar-23,94,Dizengof center,city,CR-14,12950.51342,5850.369695,,F,adult,,0,92,,100,,,1,non pregnant,non pregnant,,,,0,0,0,,17.7
31-Mar-23,94,Dizengof center,city,CR-15,12950.51342,5850.369695,,F,adult,M,1,95,69,116,44,,1,non pregnant,mom pup,,,,2,2,1,,17.7
31-Mar-23,94,Dizengof center,city,CR-16,12950.51342,5850.369695,,F,adult,M,1,98,65,121,40,,1,non pregnant,mom pup,,,,3,3,1,,17.7
31-Mar-23,94,Dizengof center,city,CR-17,12950.51342,5850.369695,,F,adult,,0,95,,111,,1,,pregnant,pregnant,,35,2,2,,1,,17.7
31-Mar-23,94,Dizengof center,city,CR-18,12950.51342,5850.369695,,F,adult,M,1,95,65,123,37,,1,non pregnant,mom pup,,,,3,3,1,,17.7
31-Mar-23,94,Dizengof center,city,CR-19,12950.51342,5850.369695,,F,adult,,0,94,,122,,,1,non pregnant,non pregnant,,,,1,1,0,,17.7
31-Mar-23,94,Dizengof center,city,CR-20,12950.51342,5850.369695,,F,adult,F,1,95,67,113,30,,1,non pregnant,mom pup,,,,2,2,1,,17.7
31-Mar-23,94,Dizengof center,city,CR-21,12950.51342,5850.369695,,F,adult,M,1,95,66,118,40,,1,non pregnant,mom pup,,,,1,1,1,,17.7
31-Mar-23,94,Dizengof center,city,CR-22,12950.51342,5850.369695,,F,adult,F,1,95,66,113,33,,1,non pregnant,mom pup,,,,2,2,1,,17.7
31-Mar-23,94,Dizengof center,city,CR-23,12950.51342,5850.369695,,F,adult,,0,85,,91,,1,,pregnant,pregnant,,31,0,0,,1,,17.7
31-Mar-23,94,Dizengof center,city,CR-24,12950.51342,5850.369695,,F,adult,M,1,95,60,125,37,,1,non pregnant,mom pup,,,,1,1,1,,17.7
31-Mar-23,94,Dizengof center,city,CR-25,12950.51342,5850.369695,,F,adult,,0,94,,126,,,1,non pregnant,non pregnant,,,,0,0,0,,17.7
31-Mar-23,94,Dizengof center,city,CR-26,12950.51342,5850.369695,,F,adult,M,1,95,62,108,35,,1,non pregnant,mom pup,,,,4,4,1,,17.7
31-Mar-23,94,Dizengof center,city,CR-27,12950.51342,5850.369695,,F,adult,F,1,93,56,122,28,,1,non pregnant,mom pup,,,,2,2,1,,17.7
28-Mar-23,91,Segafim,rural,SG-1,407.8869522,341.8639742,,F,adult,,0,98,,160,,1,,pregnant,pregnant,,47,1,1,,1,,14.8
28-Mar-23,91,Segafim,rural,SG-2,407.8869522,341.8639742,,F,adult,,0,93,,154,,1,,pregnant,pregnant,,46,0,0,,1,,14.8
28-Mar-23,91,Segafim,rural,SG-3,407.8869522,341.8639742,,F,adult,M,1,92,37,120,21,,1,non pregnant,mom pup,,,,0,0,1,,14.8
28-Mar-23,91,Segafim,rural,SG-4,407.8869522,341.8639742,,F,adult,F,1,94,46,131,27,,1,non pregnant,mom pup,,,,1,1,1,,14.8
28-Mar-23,91,Segafim,rural,SG-5,407.8869522,341.8639742,,F,adult,,0,90,,118,,,1,non pregnant,non pregnant,,,,0,0,0,,14.8
28-Mar-23,91,Segafim,rural,SG-6,407.8869522,341.8639742,,F,adult,M,1,93,41,130,24,,1,non pregnant,mom pup,,,,3,3,1,,14.8
28-Mar-23,91,Segafim,rural,SG-7,407.8869522,341.8639742,,F,adult,M,1,92,42,126,29,,1,non pregnant,mom pup,,,,0,0,1,,14.8
28-Mar-23,91,Segafim,rural,SG-8,407.8869522,341.8639742,,F,adult,,0,92,,159,,1,,pregnant,pregnant,,46,1,1,,1,,14.8
28-Mar-23,91,Segafim,rural,SG-9,407.8869522,341.8639742,,F,adult,M,1,94,42,120,23,,1,non pregnant,mom pup,,,,2,2,1,,14.8
28-Mar-23,91,Segafim,rural,SG-10,407.8869522,341.8639742,,F,adult,F,1,96,41,130,19,,1,non pregnant,mom pup,,,,0,0,1,,14.8
28-Mar-23,91,Segafim,rural,SG-11,407.8869522,341.8639742,,F,adult,M,1,96,39,127,21,,1,non pregnant,mom pup,,,,0,0,1,,14.8
28-Mar-23,91,Segafim,rural,SG-12,407.8869522,341.8639742,,F,adult,,0,90,,122,,,1,non pregnant,non pregnant,,,,0,0,0,,14.8
28-Mar-23,91,Segafim,rural,SG-13,407.8869522,341.8639742,,F,adult,,0,92,,164,,1,,pregnant,pregnant,,46,1,1,,1,,14.8
28-Mar-23,91,Segafim,rural,SG-14,407.8869522,341.8639742,,F,old,,0,92,,146,,1,,pregnant,pregnant,,46,1,1,,1,,14.8
28-Mar-23,91,Segafim,rural,SG-15,407.8869522,341.8639742,,F,adult,,0,93,,127,,,1,non pregnant,non pregnant,,,,0,0,0,,14.8
06-Apr-23,101,Tinshemet,rural,TS-1,522.560257,1929.634255,,F,adult,M,1,91,40,127,20,,1,non pregnant,mom pup,,,,5,5,1,,18.6
06-Apr-23,101,Tinshemet,rural,TS-2,522.560257,1929.634255,,F,adult,,0,91,,139,,1,,pregnant,pregnant,,33,1,1,,1,,18.6
06-Apr-23,101,Tinshemet,rural,TS-3,522.560257,1929.634255,,F,adult,,0,90,,132,,1,,pregnant,pregnant,,30,0,0,,1,,18.6
06-Apr-23,101,Tinshemet,rural,TS-4,522.560257,1929.634255,,F,adult,M,1,96,48,139,26,,1,non pregnant,mom pup,,,,2,2,1,,18.6
06-Apr-23,101,Tinshemet,rural,TS-5,522.560257,1929.634255,,F,adult,,0,85,,101,,,1,non pregnant,non pregnant,,,,0,0,0,,18.6
06-Apr-23,101,Tinshemet,rural,TS-6,522.560257,1929.634255,,F,adult,F,1,99,49,133,28,,1,non pregnant,mom pup,,,,4,4,1,,18.6
06-Apr-23,101,Tinshemet,rural,TS-7,522.560257,1929.634255,,F,adult,F,1,92,48,117,23,,1,non pregnant,mom pup,,,,1,1,1,,18.6
06-Apr-23,101,Tinshemet,rural,TS-8,522.560257,1929.634255,,F,adult,F,1,96,46,130,25,,1,non pregnant,mom pup,,,,3,3,1,,18.6
06-Apr-23,101,Tinshemet,rural,TS-9,522.560257,1929.634255,,F,adult,,0,90,,87,,,1,non pregnant,non pregnant,,,,0,0,0,,18.6
06-Apr-23,101,Tinshemet,rural,TS-10,522.560257,1929.634255,,F,adult,,0,91,,116,,,1,non pregnant,non pregnant,,,,0,0,0,,18.6
06-Apr-23,101,Tinshemet,rural,TS-11,522.560257,1929.634255,,F,adult,M,1,89,49,132,29,,1,non pregnant,mom pup,,,,9,9,1,,18.6
06-Apr-23,101,Tinshemet,rural,TS-12,522.560257,1929.634255,,F,adult,,0,84,,93,,,1,non pregnant,non pregnant,,,,1,1,0,,18.6
06-Apr-23,101,Tinshemet,rural,TS-13,522.560257,1929.634255,,F,adult,,0,91,,130,,1,,pregnant,pregnant,,31,1,1,,1,,18.6
06-Apr-23,101,Tinshemet,rural,TS-14,522.560257,1929.634255,,F,adult,,0,83,,99,,,1,non pregnant,non pregnant,,,,2,2,0,,18.6
06-Apr-23,101,Tinshemet,rural,TS-15,522.560257,1929.634255,,F,adult,,0,96,,123,,1,,pregnant,pregnant,,29,3,3,,1,,18.6
06-Apr-23,101,Tinshemet,rural,TS-16,522.560257,1929.634255,,F,adult,M,1,96,41,114,23,,1,non pregnant,mom pup,,,,2,2,1,,18.6
06-Apr-23,101,Tinshemet,rural,TS-17,522.560257,1929.634255,,F,adult,,0,95,,133,,1,,pregnant,pregnant,,31,0,0,,1,,18.6
06-Apr-23,101,Tinshemet,rural,TS-18,522.560257,1929.634255,,F,adult,,0,91,,154,,1,,pregnant,pregnant,,54,1,1,,1,,18.6
06-Apr-23,101,Tinshemet,rural,TS-19,522.560257,1929.634255,,F,adult,,0,96,,152,,1,,pregnant,pregnant,,55,0,0,,1,,18.6
06-Apr-23,101,Tinshemet,rural,TS-20,522.560257,1929.634255,,F,adult,,0,96,,126,,,1,non pregnant,non pregnant,,,,2,2,0,,18.6
06-Apr-23,101,Tinshemet,rural,TS-21,522.560257,1929.634255,,F,adult,,0,90,,138,,1,,pregnant,pregnant,,53,0,0,,1,,18.6
06-Apr-23,101,Tinshemet,rural,TS-22,522.560257,1929.634255,,F,adult,,0,88,,110,,1,,pregnant,pregnant,,33,0,0,,1,,18.6
